{
  "project_info": {
    "project_number": "514279889187",
    "project_id": "ems-app-5f29a",
    "storage_bucket": "ems-app-5f29a.appspot.com"
  },
  "client": [
    {
      "client_info": {
        "mobilesdk_app_id": "1:514279889187:android:aa58bf545d1425eb0e9496",
        "android_client_info": {
          "package_name": "com.example.ems"
        }
      },
      "oauth_client": [],
      "api_key": [
        {
          "current_key": "AIzaSyANEWPuRDXiVs6Mu2yh9UamAVB7e21Cg-o"
        }
      ],
      "services": {
        "appinvite_service": {
          "other_platform_oauth_client": []
        }
      }
    }
  ],
  "configuration_version": "1"
}